timestamp,worker_tags_count,meta_tags_count,shared_tags_count
2026-02-21 03:32:44,45590,54149,21932
2026-02-21 03:34:40,45595,54149,21932
2026-02-21 03:50:09,45713,54149,21932
2026-02-21 03:55:41,45764,38,29
2026-02-21 03:56:39,45787,62,52
2026-02-21 11:43:39,47896,2362,2180
2026-02-21 11:48:14,47896,2362,2180
2026-02-21 13:20:30,50162,4810,4457
2026-02-22 02:41:13,50162,4810,4457
2026-02-22 12:02:45,62872,18532,17285
2026-02-22 15:04:42,63573,19221,17928
2026-02-22 15:36:27,64311,19832,18452
2026-02-22 15:37:25,64311,19832,18452
2026-02-22 15:58:00,64805,20230,18811
2026-02-22 15:58:33,64805,20230,18811
2026-02-22 16:36:32,65716,20975,19490
2026-02-22 17:11:54,66580,21695,20130
2026-02-22 19:47:07,70553,24988,23149
2026-02-23 01:40:22,70553,24988,23149
2026-02-23 12:51:40,83826,36067,33249
2026-02-24 11:37:39,94950,46372,41993
2026-02-25 11:57:58,101766,7883,6772
2026-02-26 10:56:03,108115,15340,13096
2026-02-26 10:58:55,108115,15340,13096
2026-02-27 10:16:44,121541,31128,26462
